{
  "description": "3-group isolation: A=FC dt-scaling, B=chemo redundant path removal",
  "conditions": {
    "X": "buggy: FC no dt-scale, chemo in net_HR_add, no continuous chemo",
    "Y": "A-only: FC dt-scale, chemo in net_HR_add, no continuous chemo",
    "Z": "A+B:   FC dt-scale, chemo excluded, has continuous chemo"
  },
  "dt_sweep": [
    0.1,
    0.05,
    0.02,
    0.01,
    0.005,
    0.002,
    0.001
  ],
  "dc_values": [
    25,
    15,
    10,
    5
  ],
  "t_end": 60.0,
  "summary": [
    {
      "dc": 25,
      "X_range": 0.09799999999999898,
      "Y_range": 0.09799999999999898,
      "Z_range": 0.3469999999999942,
      "A_contrib": 0.0,
      "B_contrib": -0.24899999999999523
    },
    {
      "dc": 15,
      "X_range": 2.5160000000000053,
      "Y_range": 2.5160000000000053,
      "Z_range": 2.7950000000000017,
      "A_contrib": 0.0,
      "B_contrib": -0.27899999999999636
    },
    {
      "dc": 10,
      "X_range": 31.98599999999999,
      "Y_range": 0.4060000000000059,
      "Z_range": 0.5079999999999956,
      "A_contrib": 31.579999999999984,
      "B_contrib": -0.10199999999998965
    },
    {
      "dc": 5,
      "X_range": 20.84400000000001,
      "Y_range": 2.2020000000000124,
      "Z_range": 2.2109999999999985,
      "A_contrib": 18.641999999999996,
      "B_contrib": -0.00899999999998613
    }
  ],
  "raw": {
    "X": {
      "25_0.1": {
        "condition": "X",
        "dc": 25.0,
        "dt": 0.1,
        "MAP": 101.013,
        "HR": 87.2,
        "PaO2": 95.85,
        "PaCO2": 34.47,
        "chemo_drive": 0.003291
      },
      "25_0.05": {
        "condition": "X",
        "dc": 25.0,
        "dt": 0.05,
        "MAP": 100.946,
        "HR": 87.04,
        "PaO2": 94.55,
        "PaCO2": 35.51,
        "chemo_drive": 0.001833
      },
      "25_0.02": {
        "condition": "X",
        "dc": 25.0,
        "dt": 0.02,
        "MAP": 100.927,
        "HR": 87.0,
        "PaO2": 93.42,
        "PaCO2": 36.41,
        "chemo_drive": 0.0015
      },
      "25_0.01": {
        "condition": "X",
        "dc": 25.0,
        "dt": 0.01,
        "MAP": 100.921,
        "HR": 86.99,
        "PaO2": 93.16,
        "PaCO2": 36.61,
        "chemo_drive": 0.001405
      },
      "25_0.005": {
        "condition": "X",
        "dc": 25.0,
        "dt": 0.005,
        "MAP": 100.917,
        "HR": 86.98,
        "PaO2": 93.01,
        "PaCO2": 36.73,
        "chemo_drive": 0.001356
      },
      "25_0.002": {
        "condition": "X",
        "dc": 25.0,
        "dt": 0.002,
        "MAP": 100.916,
        "HR": 86.98,
        "PaO2": 92.94,
        "PaCO2": 36.79,
        "chemo_drive": 0.001329
      },
      "25_0.001": {
        "condition": "X",
        "dc": 25.0,
        "dt": 0.001,
        "MAP": 100.915,
        "HR": 86.98,
        "PaO2": 92.91,
        "PaCO2": 36.81,
        "chemo_drive": 0.00132
      },
      "15_0.1": {
        "condition": "X",
        "dc": 15.0,
        "dt": 0.1,
        "MAP": 100.938,
        "HR": 87.03,
        "PaO2": 84.51,
        "PaCO2": 34.03,
        "chemo_drive": 0.002581
      },
      "15_0.05": {
        "condition": "X",
        "dc": 15.0,
        "dt": 0.05,
        "MAP": 100.903,
        "HR": 86.95,
        "PaO2": 89.75,
        "PaCO2": 29.84,
        "chemo_drive": 0.001229
      },
      "15_0.02": {
        "condition": "X",
        "dc": 15.0,
        "dt": 0.02,
        "MAP": 99.092,
        "HR": 86.8,
        "PaO2": 72.57,
        "PaCO2": 43.59,
        "chemo_drive": 0.00061
      },
      "15_0.01": {
        "condition": "X",
        "dc": 15.0,
        "dt": 0.01,
        "MAP": 98.686,
        "HR": 86.8,
        "PaO2": 71.85,
        "PaCO2": 44.16,
        "chemo_drive": 0.000541
      },
      "15_0.005": {
        "condition": "X",
        "dc": 15.0,
        "dt": 0.005,
        "MAP": 98.539,
        "HR": 86.8,
        "PaO2": 71.61,
        "PaCO2": 44.35,
        "chemo_drive": 0.00051
      },
      "15_0.002": {
        "condition": "X",
        "dc": 15.0,
        "dt": 0.002,
        "MAP": 98.45,
        "HR": 86.8,
        "PaO2": 71.45,
        "PaCO2": 44.48,
        "chemo_drive": 0.000491
      },
      "15_0.001": {
        "condition": "X",
        "dc": 15.0,
        "dt": 0.001,
        "MAP": 98.422,
        "HR": 86.8,
        "PaO2": 71.4,
        "PaCO2": 44.52,
        "chemo_drive": 0.000485
      },
      "10_0.1": {
        "condition": "X",
        "dc": 10.0,
        "dt": 0.1,
        "MAP": 110.186,
        "HR": 107.93,
        "PaO2": 81.98,
        "PaCO2": 31.3,
        "chemo_drive": 0.011962
      },
      "10_0.05": {
        "condition": "X",
        "dc": 10.0,
        "dt": 0.05,
        "MAP": 115.533,
        "HR": 118.07,
        "PaO2": 73.44,
        "PaCO2": 38.13,
        "chemo_drive": 0.010002
      },
      "10_0.02": {
        "condition": "X",
        "dc": 10.0,
        "dt": 0.02,
        "MAP": 126.342,
        "HR": 141.08,
        "PaO2": 80.95,
        "PaCO2": 32.13,
        "chemo_drive": 0.010058
      },
      "10_0.01": {
        "condition": "X",
        "dc": 10.0,
        "dt": 0.01,
        "MAP": 137.921,
        "HR": 165.62,
        "PaO2": 79.18,
        "PaCO2": 33.54,
        "chemo_drive": 0.009925
      },
      "10_0.005": {
        "condition": "X",
        "dc": 10.0,
        "dt": 0.005,
        "MAP": 142.172,
        "HR": 174.79,
        "PaO2": 85.37,
        "PaCO2": 28.59,
        "chemo_drive": 0.010043
      },
      "10_0.002": {
        "condition": "X",
        "dc": 10.0,
        "dt": 0.002,
        "MAP": 140.475,
        "HR": 171.09,
        "PaO2": 88.29,
        "PaCO2": 26.26,
        "chemo_drive": 0.009843
      },
      "10_0.001": {
        "condition": "X",
        "dc": 10.0,
        "dt": 0.001,
        "MAP": 139.287,
        "HR": 168.57,
        "PaO2": 76.52,
        "PaCO2": 35.67,
        "chemo_drive": 0.009694
      },
      "5_0.1": {
        "condition": "X",
        "dc": 5.0,
        "dt": 0.1,
        "MAP": 123.86,
        "HR": 136.51,
        "PaO2": 62.8,
        "PaCO2": 41.9,
        "chemo_drive": 0.03007
      },
      "5_0.05": {
        "condition": "X",
        "dc": 5.0,
        "dt": 0.05,
        "MAP": 133.628,
        "HR": 156.56,
        "PaO2": 72.54,
        "PaCO2": 34.1,
        "chemo_drive": 0.021881
      },
      "5_0.02": {
        "condition": "X",
        "dc": 5.0,
        "dt": 0.02,
        "MAP": 144.704,
        "HR": 180.13,
        "PaO2": 74.3,
        "PaCO2": 32.69,
        "chemo_drive": 0.012758
      },
      "5_0.01": {
        "condition": "X",
        "dc": 5.0,
        "dt": 0.01,
        "MAP": 144.69,
        "HR": 180.1,
        "PaO2": 75.46,
        "PaCO2": 31.77,
        "chemo_drive": 0.010411
      },
      "5_0.005": {
        "condition": "X",
        "dc": 5.0,
        "dt": 0.005,
        "MAP": 142.106,
        "HR": 174.57,
        "PaO2": 69.38,
        "PaCO2": 36.63,
        "chemo_drive": 0.009709
      },
      "5_0.002": {
        "condition": "X",
        "dc": 5.0,
        "dt": 0.002,
        "MAP": 144.45,
        "HR": 179.57,
        "PaO2": 72.5,
        "PaCO2": 34.14,
        "chemo_drive": 0.009983
      },
      "5_0.001": {
        "condition": "X",
        "dc": 5.0,
        "dt": 0.001,
        "MAP": 144.592,
        "HR": 179.88,
        "PaO2": 73.4,
        "PaCO2": 33.41,
        "chemo_drive": 0.009993
      }
    },
    "Y": {
      "25_0.1": {
        "condition": "Y",
        "dc": 25.0,
        "dt": 0.1,
        "MAP": 101.013,
        "HR": 87.2,
        "PaO2": 95.85,
        "PaCO2": 34.47,
        "chemo_drive": 0.003291
      },
      "25_0.05": {
        "condition": "Y",
        "dc": 25.0,
        "dt": 0.05,
        "MAP": 100.946,
        "HR": 87.04,
        "PaO2": 94.55,
        "PaCO2": 35.51,
        "chemo_drive": 0.001833
      },
      "25_0.02": {
        "condition": "Y",
        "dc": 25.0,
        "dt": 0.02,