{
  "orig_t": [
    0.0,
    0.5000000000000002,
    1.0000000000000007,
    1.500000000000001,
    2.0000000000000013,
    18.000000000000014,
    18.500000000000092,
    19.00000000000017,
    19.50000000000025,
    20.000000000000327,
    20.500000000000405,
    21.000000000000483,
    21.50000000000056,
    22.00000000000064,
    22.500000000000718,
    23.000000000000796,
    23.500000000000874,
    24.000000000000952,
    24.50000000000103,
    25.00000000000111,
    25.500000000001187,
    26.000000000001265,
    26.500000000001343,
    27.00000000000142,
    27.5000000000015,
    28.000000000001577,
    28.500000000001656,
    29.000000000001734,
    29.500000000001812,
    30.00000000000189,
    30.500000000001968,
    31.000000000002046,
    31.500000000002125,
    32.0000000000022,
    32.5000000000021,
    33.000000000002004,
    33.500000000001904,
    34.000000000001805,
    34.500000000001705,
    35.000000000001606,
    35.500000000001506,
    36.00000000000141,
    36.50000000000131,
    37.00000000000121,
    37.50000000000111,
    38.00000000000101,
    38.50000000000091,
    39.00000000000081,
    39.50000000000071,
    40.00000000000061,
    40.50000000000051,
    41.00000000000041,
    41.50000000000031,
    42.00000000000021,
    42.500000000000114,
    43.000000000000014
  ],
  "orig_map": [
    100.0,
    99.99993654473124,
    99.99987280807208,
    99.99981086032382,
    99.99975065127872,
    91.29088039884114,
    91.0593281335452,
    90.83954278211503,
    90.63177141902672,
    90.43622369467325,
    90.25307011883808,
    90.08244052027845,
    89.92442265018352,
    89.77906122898519,
    89.64635719403037,
    89.52626748566882,
    89.41870507409386,
    89.32353966426061,
    89.2405987438928,
    89.39615478962482,
    90.42466161722045,
    91.41278601224421,
    92.36499593815614,
    93.28854885471631,
    94.18701993036176,
    95.06542550000938,
    95.92661220343702,
    96.77399137676298,
    97.61029075238659,
    98.43722468675452,
    99.25760862708542,
    100.08661619554721,
    100.12084033606126,
    99.90788687088883,
    99.73207194006005,
    99.56764478655195,
    99.41446499922095,
    99.27166777005948,
    99.13911378931104,
    99.01582138041958,
    98.90164501010021,
    98.7955996241443,
    98.69757354221349,
    98.60662619599766,
    98.52265320973369,
    98.44483068400585,
    98.37298049400209,
    98.30656199320856,
    98.24515405156096,
    98.1885606433489,
    98.13616288971816,
    98.08798608778602,
    98.04333636849115,
    98.00234579286662,
    97.96434198600184,
    97.92949130259109
  ],
  "orig_bv": [
    1720.0,
    1719.9985157499282,
    1719.9970240674315,
    1719.995532384935,
    1719.9940407024383,
    1439.5406207735678,
    1428.6874044485917,
    1418.0359406916843,
    1407.6045491735579,
    1397.4102845127632,
    1387.4688348370878,
    1377.794432246969,
    1368.3997726685272,
    1359.2959548269146,
    1350.4924316899137,
    1341.9969815608322,
    1333.8156941897269,
    1325.9529797478706,
    1318.4115938095913,
    1311.192681274224,
    1304.2958056175034,
    1297.7190783223805,
    1291.4592442878802,
    1285.5117702154498,
    1279.8709570452827,
    1274.5300602481568,
    1269.4814128530693,
    1264.7165518725838,
    1260.2263451321476,
    1256.0011122477713,
    1252.0307462255312,
    1248.3048239356144,
    1244.8127256880528,
    1241.5437397122007,
    1238.4870982215991,
    1235.6320911590615,
    1232.968134372809,
    1230.4848308355706,
    1228.1720238105556,
    1226.0198381318278,
    1224.0187146446706,
    1222.1594404596067,
    1220.4331676947224,
    1218.831428238117,
    1217.34614294582,
    1215.969625566948,
    1214.6945854261116,
    1213.514120283829,
    1212.4217116501356,
    1211.4112195637465,
    1210.4768641248,
    1209.6132225447454,
    1208.815207052712,
    1208.0780600684484,
    1207.3973279405786,
    1206.768859320742
  ],
  "rev_t": [
    0.0,
    0.5000000000000002,
    1.0000000000000007,
    1.500000000000001,
    2.0000000000000013,
    18.000000000000014,
    18.500000000000092,
    19.00000000000017,
    19.50000000000025,
    20.000000000000327,
    20.500000000000405,
    21.000000000000483,
    21.50000000000056,
    22.00000000000064,
    22.500000000000718,
    23.000000000000796,
    23.500000000000874,
    24.000000000000952,
    24.50000000000103,
    25.00000000000111,
    25.500000000001187,
    26.000000000001265,
    26.500000000001343,
    27.00000000000142,
    27.5000000000015,
    28.000000000001577,
    28.500000000001656,
    29.000000000001734,
    29.500000000001812,
    30.00000000000189,
    30.500000000001968,
    31.000000000002046,
    31.500000000002125,
    32.0000000000022,
    32.5000000000021,
    33.000000000002004,
    33.500000000001904,
    34.000000000001805,
    34.500000000001705,
    35.000000000001606,
    35.500000000001506,
    36.00000000000141,
    36.50000000000131,
    37.00000000000121,
    37.50000000000111,
    38.00000000000101,
    38.50000000000091,
    39.00000000000081,
    39.50000000000071,
    40.00000000000061,
    40.50000000000051,
    41.00000000000041,
    41.50000000000031,
    42.00000000000021,
    42.500000000000114,
    43.000000000000014
  ],
  "rev_map": [
    100.0,
    100.0,
    100.0,
    100.0,
    100.0,
    91.29217526452297,
    91.06064206050596,
    90.84087581696645,
    90.63312364535183,
    90.43759523773768,
    90.25446113760785,
    90.0838511809202,
    89.92585316838355,
    89.78051182931468,
    89.64782813346,
    89.52775899991352,
    89.42021744209859,
    89.32507317526063,
    89.24215369873886,
    89.17124585024743,
    89.11209781433506,
    89.0644215529259,
    89.02789561310374,
    89.0021682566967,
    88.98686084818083,
    88.98157143221135,
    88.98587842976463,
    88.99934438233,
    89.02151967656128,
    89.05194618691475,
    89.09016078060563,
    89.13569863723056,
    89.18809634413564,
    89.24689473760786,
    89.31164146883053,
    89.38189328193722,
    89.45721799917187,
    89.53719621493074,
    89.62142270622977,
    89.70950757185508,
    89.80107711613697,
    89.89577449598836,
    89.99326015165022,
    90.093212042598,
    90.19532571039196,
    90.29931419002203,
    90.40490779061632,
    90.51185376535543,
    90.61991588916098,
    90.72887396128569,
    90.83852324839808,
    90.9486738821843,
    91.05915022392728,
    91.16979020700978,
    91.28044466684582,
    91.39097666639475
  ],
  "rev_bv": [
    1720.0,
    1720.0,
    1720.0,
    1720.0,
    1720.0,
    1439.5894496623346,
    1428.7373725992143,
    1418.087039154064,
    1407.6567696795157,
    1397.46361937658,
    1387.5232770407522,
    1377.8499745735828,
    1368.4564091513596,
    1359.3536798401876,
    1350.551240247149,
    1342.0568685050735,
    1333.8766555147388,
    1326.0150119304374,
    1318.4746938947633,
    1311.2568470315828,
    1304.3610677188803,
    1297.7854802112522,
    1291.5268277881842,
    1285.5805757872968,
    1279.941024154329,
    1274.6014270104447,
    1269.5541167027236,
    1264.7906298601558,
    1260.301833114846,
    1256.078046352724,
    1252.1091616138249,
    1248.3847560524684,
    1244.8941976758535,
    1241.6267428907795,
    1238.5716251893723,
    1235.7181345854708,
    1233.0556876660353,
    1230.5738883414294,
    1228.2625795623183,
    1226.1118864184825,
    1224.1122511474439,
    1222.254460660827,
    1220.5296672471964,
    1218.9294031356126,
    1217.4455896083,
    1216.0705413377989,
    1214.7969665974383,
    1213.6179639575062,
    1212.5270160361447,
    1211.5179808263333,
    1210.5850810706188,
    1209.722892105193,
    1208.9263285458765,
    1208.1906301415936,
    1207.511347076719,
    1206.884324962708
  ]
}