{"t": [0.0, 0.5, 1.0, 1.5, 2.0, 2.5, 3.0, 3.5, 4.0, 4.5, 5.0, 5.5, 6.0, 6.5, 7.0, 7.5, 8.0, 8.5, 9.0, 9.5, 10.0], "map": [100.0, 100.0, 100.0, 100.0, 100.0, 100.0, 100.0, 100.0, 100.0, 100.0, 99.999999998661, 99.93634073089572, 99.7539682537155, 99.46582609182855, 99.08527542681398, 98.62623726175038, 98.10316444555279, 97.53087320153759, 96.92427552114165, 96.29805278572954, 95.66630370463403], "nfev": 44786}