{"t": [0.0, 0.5, 1.0, 1.5, 2.0, 2.5, 3.0, 3.5, 4.0, 4.5, 5.0, 5.5, 6.0, 6.5, 7.0, 7.5, 8.0, 8.5, 9.0, 9.5, 10.0], "map": [100.0, 100.0, 99.99999998702472, 99.99999584344252, 99.99998337672099, 99.99995632730729, 99.99991376667944, 99.9998479558354, 99.99975640410315, 99.99963613401275, 99.99958169577828, 99.93545849335118, 99.75271683180696, 99.46429148253603, 99.08352304309557, 98.62432151505404, 98.10113066162197, 97.52875773388185, 96.92210799361195, 96.29584507170527, 95.66407331546263], "nfev": 873}