{
  "bdf_t": [
    0.0,
    0.5,
    1.0,
    1.5,
    2.0,
    2.5,
    3.0,
    3.5,
    4.0,
    4.5,
    5.0,
    5.5,
    6.0,
    6.5,
    7.0,
    7.5,
    8.0,
    8.5,
    9.0,
    9.5,
    10.0,
    10.5,
    11.0,
    11.5,
    12.0,
    12.5,
    13.0,
    13.5,
    14.0,
    14.5,
    15.0,
    15.5,
    16.0,
    16.5,
    17.0,
    17.5,
    18.0,
    18.5,
    19.0,
    19.5,
    20.0,
    20.5,
    21.0,
    21.5,
    22.0,
    22.5,
    23.0,
    23.5,
    24.0,
    24.5,
    25.0,
    25.5,
    26.0,
    26.5,
    27.0,
    27.5,
    28.0,
    28.5,
    29.0,
    29.5,
    30.0,
    30.5,
    31.0,
    31.5,
    32.0,
    32.5,
    33.0,
    33.5,
    34.0,
    34.5,
    35.0,
    35.5,
    36.0,
    36.5,
    37.0,
    37.5,
    38.0,
    38.5,
    39.0,
    39.5,
    40.0,
    40.5,
    41.0,
    41.5,
    42.0,
    42.5,
    43.0,
    43.5,
    44.0,
    44.5,
    45.0,
    45.5,
    46.0,
    46.5,
    47.0,
    47.5,
    48.0,
    48.5,
    49.0,
    49.5,
    50.0,
    50.5,
    51.0,
    51.5,
    52.0,
    52.5,
    53.0,
    53.5,
    54.0,
    54.5,
    55.0,
    55.5,
    56.0,
    56.5,
    57.0,
    57.5,
    58.0,
    58.5,
    59.0,
    59.5,
    60.0
  ],
  "bdf_map": [
    100.0,
    100.0,
    100.0,
    99.99999996060572,
    99.99999462621093,
    99.99997754558012,
    99.99994376227293,
    99.99988876136682,
    99.99980816013314,
    99.99969812252206,
    99.99968830362425,
    99.93558115014926,
    99.76443133120443,
    99.5287357762607,
    99.22671851528403,
    98.86142255865921,
    98.43506637057723,
    97.94930188458581,
    97.40544849220808,
    96.80470504268618,
    96.11832002585368,
    95.40341008930531,
    94.72257415778127,
    94.08392798730993,
    93.49416417052133,
    92.95837058954127,
    92.47995857189932,
    92.06069736308693,
    91.70083962199377,
    91.39931385129367,
    91.15395625331368,
    90.9617558092096,
    90.81909155510344,
    90.72194771803842,
    90.66610055965492,
    90.64726833664068,
    90.66122952609419,
    90.70391562344814,
    90.77147722341668,
    90.86032327698904,
    90.96714388323423,
    91.08892254726983,
    91.22293887937727,
    91.36676217829833,
    91.51823836953773,
    91.67547341265583,
    91.83681504525502,
    92.00083346309265,
    92.16630133060505,
    92.33217380298919,
    92.49756926830399,
    92.66175121740551,
    92.82411130702776,
    92.98415363668387,
    93.14148033130266,
    93.29577847307445,
    93.44680835900625,
    93.5943930182388,
    93.73840887774449,
    93.87877749209935,
    94.01545829948425,
    94.14844228731789,
    94.2777464846292,
    94.40340919771225,
    94.52548587862043,
    94.64404557621708,
    94.75916792934862,
    94.87094060807546,
    94.97945716118622,
    95.08481517430454,
    95.187114721751,
    95.28645717037199,
    95.38294406882132,
    95.47667634519632,
    95.56775359318729,
    95.65627354948009,
    95.74233171061391,
    95.82602093678062,
    95.90743123008112,
    95.98664957305752,
    96.06375985044215,
    96.13884273257167,
    96.2119756553726,
    96.28323284248938,
    96.35268543222088,
    96.4204014085816,
    96.48644574333628,
    96.55088046423825,
    96.61376464311417,
    96.67515465463543,
    96.7351042670276,
    96.79366471105772,
    96.85088467930126,
    96.90681078986242,
    96.96148709313226,
    97.01495579365502,
    97.06725706570367,
    97.11842913382242,
    97.1685084300994,
    97.2175296770651,
    97.26552597780237,
    97.31252890222486,
    97.35856856948377,
    97.40367372650712,
    97.44787182271159,
    97.49118908095446,
    97.5336505648168,
    97.57528024232454,
    97.6161010462271,
    97.65613493096262,
    97.69540292644379,
    97.73392518880235,
    97.77172104823191,
    97.80880905406798,
    97.8452070172429,
    97.88093205025136,
    97.91600060475778,
    97.95042850697385,
    97.98423099092992,
    98.0174227297591,
    98.05001786510798
  ],
  "seq_results": [
    {
      "dt": 0.1,
      "rmse": 4.033828044715659,
      "map_t60": 106.26977036582021
    },
    {
      "dt": 0.05,
      "rmse": 7.496072314483717,
      "map_t60": 111.53193402106622
    },
    {
      "dt": 0.01,
      "rmse": 10.827874190889588,
      "map_t60": 111.47563665045917
    },
    {
      "dt": 0.005,
      "rmse": 11.302111193026654,
      "map_t60": 111.46888299986699
    },
    {
      "dt": 0.001,
      "rmse": 11.69564564814971,
      "map_t60": 111.46061933096486
    }
  ],
  "log_log_slope": -0.2107350514718561
}