{
  "HR": {
    "mean": 85.21126859341659,
    "max": 85.31844224580288,
    "min": 85.00075004375,
    "range": 0.31769220205288207,
    "std": 0.06264995633836122,
    "peaks": 0.0,
    "is_oscillating": 1.0
  },
  "MAP": {
    "mean": 99.99940402632214,
    "max": 99.9996062135674,
    "min": 99.955,
    "range": 0.04460621356740546,
    "std": 0.002041715641738941,
    "peaks": 1.0,
    "is_oscillating": 1.0
  },
  "respiratory_rate": {
    "mean": 16.714881543020724,
    "max": 18.06396876,
    "min": 15.96166304153178,
    "range": 2.1023057184682212,
    "std": 0.5221122157773823,
    "peaks": 1741.0,
    "is_oscillating": 1.0
  },
  "arterial_pH": {
    "mean": 7.525151406728129,
    "max": 7.5672841645307045,
    "min": 7.401029995663981,
    "range": 0.16625416886672362,
    "std": 0.02881126834557501,
    "peaks": 1741.0,
    "is_oscillating": 1.0
  },
  "PaCO2": {
    "mean": 30.12319626250636,
    "max": 40.0,
    "min": 27.277579014472327,
    "range": 12.722420985527673,
    "std": 2.020245646193444,
    "peaks": 1740.0,
    "is_oscillating": 1.0
  },
  "potassium": {
    "mean": 4.2,
    "max": 4.2,
    "min": 4.2,
    "range": 0.0,
    "std": 0.0,
    "peaks": 0.0,
    "is_oscillating": 0.0
  },
  "blood_volume_ml": {
    "mean": 1714.6302916063673,
    "max": 1719.999715177,
    "min": 1709.2595800182605,
    "range": 10.740135158739577,
    "std": 3.101359357275076,
    "peaks": 0.0,
    "is_oscillating": 1.0
  },
  "sympathetic": {
    "mean": 0.30000412540361,
    "max": 0.3002150545244455,
    "min": 0.300002756505475,
    "range": 0.000212298018970547,
    "std": 1.3024678030066045e-05,
    "peaks": 1.0,
    "is_oscillating": 1.0
  },
  "parasympathetic": {
    "mean": 0.6999970546084435,
    "max": 0.6999980310654796,
    "min": 0.6998768136725003,
    "range": 0.00012121739297932255,
    "std": 8.640396730692933e-06,
    "peaks": 1.0,
    "is_oscillating": 1.0
  },
  "contractility_factor": {
    "mean": 1.0,
    "max": 1.0,
    "min": 1.0,
    "range": 0.0,
    "std": 0.0,
    "peaks": 0.0,
    "is_oscillating": 0.0
  },
  "vdp_x": {
    "mean": -0.00015934176381692184,
    "max": 2.108366813341793,
    "min": -2.1083668133417937,
    "range": 4.216733626683586,
    "std": 1.515597617704697,
    "peaks": 928.0,
    "is_oscillating": 1.0
  },
  "vdp_omega": {
    "mean": 1.7504132061887114,
    "max": 1.9184495565664172,
    "min": 1.6345260229345842,
    "range": 0.2839235336318331,
    "std": 0.09696983945358006,
    "peaks": 1740.0,
    "is_oscillating": 1.0
  },
  "chemical_drive": {
    "mean": 0.0,
    "max": 0.0,
    "min": 0.0,
    "range": 0.0,
    "std": 0.0,
    "peaks": 0.0,
    "is_oscillating": 0.0
  },
  "cortisol": {
    "mean": 5.754482438932832,
    "max": 5.981670109356319,
    "min": 5.000111111111111,
    "range": 0.981558998245208,
    "std": 0.254525771328753,
    "peaks": 0.0,
    "is_oscillating": 1.0
  },
  "T3": {
    "mean": 100.17226301241305,
    "max": 100.47827332851695,
    "min": 100.00000000101002,
    "range": 0.4782733275069262,
    "std": 0.14525194964403276,
    "peaks": 0.0,
    "is_oscillating": 1.0
  },
  "glucose": {
    "mean": 4.5,
    "max": 4.5,
    "min": 4.5,
    "range": 0.0,
    "std": 0.0,
    "peaks": 0.0,
    "is_oscillating": 0.0
  },
  "lactate": {
    "mean": 0.5207645102486265,
    "max": 0.9997946666666667,
    "min": 0.5,
    "range": 0.4997946666666667,
    "std": 0.07821833571271107,
    "peaks": 0.0,
    "is_oscillating": 1.0
  }
}